First Name,Last Name
Daniel,Robinson
Sofia,Roberts
Rosie,Barnes
Roland,Harper
Heather,Wilson
Walter,Chapman
Luke,Mitchell
Penelope,Johnson
Max,Riley
Bruce,Craig
Kimberly,Grant
Reid,Ellis
Brianna,Brooks
Lily,Alexander
Darcy,Hill
Leonardo,Fowler
Owen,Holmes
Ryan,Holmes
Chloe,Smith
Julian,Stewart
Frederick,Allen
Arthur,Cunningham
Ada,Baker
Roman,Hunt
Rubie,Anderson
Rubie,Cameron
Amanda,Bailey
Dainton,Moore
Martin,Crawford
James,Armstrong
Amanda,West
Arnold,Harper
Preston,Richards
Naomi,Martin
Samantha,Bailey
Luke,Barrett
Rosie,Wilson
Arthur,Taylor
Heather,Carter
Briony,Jones
Justin,Carroll
Alexia,Craig
Aida,Douglas
Lucy,Williams
Rebecca,Cooper
Arnold,Dixon
Kate,Richardson
Chester,Perkins
Sophia,Richardson
Alina,Hawkins
Catherine,Lloyd
George,Elliott
Deanna,Spencer
Edward,Stewart
Carlos,Kelley
Sarah,Stevens
Camila,Allen
Miranda,Higgins
Andrew,Williams
Jack,Hall
Kimberly,Hawkins
Amanda,Smith
Reid,Fowler
Miley,Morgan
Jacob,Rogers
Chelsea,Warren
Dominik,Reed
Adele,Harris
Sabrina,Ellis
Ned,Payne
Sydney,Thomas
Dale,Thomas
Melanie,Parker
Steven,Foster
Carl,Brooks
Emma,Bailey
Dominik,Stewart
Oscar,Ross
Lily,Reed
Arthur,Henderson
Emily,Foster
Fiona,Cooper
Violet,Baker
Jenna,Wells
Brad,Montgomery
Bruce,Scott
Lydia,Harrison
Roman,Kelly
Joyce,Adams
Blake,Evans
Madaline,Grant
Michael,Hill
Arianna,Grant
Brianna,Payne
Paul,Crawford
Freddie,Davis
Brad,Moore
Lana,Owens
Lyndon,Owens
Harold,Barnes
